Latitude,Longitude,Foot Traffic,Population Density,Demand Pattern,Store Type,Competitor Locations,Public Transport Accessibility,Avg Transaction Volume,Time-of-Day Factor,Seasonal Demand,Accessibility Rating,Landmark Proximity,Area Type,Crime Rate,Local Economy Health,Traffic Density,Store Growth Potential,Timestamp
18.563969,74.030756,0.69,1278,0.62,Retail,2,0.85,4770,Evening,High,3,0.67,Residential,0.37,0.68,1315,0.76,2025-03-05T11:33:00
18.51759,73.773673,0.51,1166,0.65,Retail,2,0.7,4694,Afternoon,Low,3,0.52,Mixed-use,0.24,0.71,871,0.51,2025-03-05T10:36:00
18.561947,73.889217,0.56,1636,0.61,Restaurant,2,0.82,2153,Evening,Moderate,5,0.87,Commercial,0.3,0.9,1297,0.77,2025-03-05T12:17:00
18.466263,74.047718,0.65,1196,0.74,Retail,1,0.87,5237,Afternoon,High,5,0.5,Commercial,0.39,0.81,1617,0.59,2025-03-05T11:15:00
18.563173,73.892323,0.51,919,0.68,Convenience Store,2,0.82,3670,Afternoon,Low,3,0.48,Tourist Spot,0.34,0.81,1666,0.76,2025-03-05T13:31:00
18.607129,73.893848,0.6,1447,0.75,Convenience Store,7,0.93,2156,Evening,High,3,0.54,Mixed-use,0.46,0.7,1392,0.51,2025-03-05T13:30:00
18.602121,73.802859,0.74,1269,0.63,Restaurant,7,0.65,1628,Evening,Low,2,0.67,Residential,0.58,0.85,1350,0.63,2025-03-05T12:08:00
18.636227,73.928835,0.59,1465,0.89,Restaurant,5,0.81,4957,Evening,High,3,0.47,Residential,0.42,0.79,1169,0.78,2025-03-05T12:10:00
18.538205,73.93926,0.82,1703,0.78,Convenience Store,5,0.62,4979,Morning,High,3,0.76,Residential,0.31,0.82,1272,0.7,2025-03-05T14:03:00
18.64502,73.835675,0.6,1565,0.66,Retail,2,0.77,3688,Evening,Low,4,0.47,Mixed-use,0.24,0.87,1380,0.72,2025-03-05T14:35:00
18.549309,74.005234,0.55,1144,0.65,Restaurant,2,0.65,5352,Morning,Low,3,0.86,Commercial,0.45,0.69,1683,0.51,2025-03-05T14:55:00
18.508051,73.956959,0.71,1247,0.84,Restaurant,7,0.64,4444,Afternoon,Low,5,0.44,Tourist Spot,0.45,0.79,1582,0.64,2025-03-05T13:54:00
18.630007,73.856198,0.53,1274,0.73,Convenience Store,5,0.74,4481,Evening,Moderate,2,0.76,Mixed-use,0.21,0.77,1051,0.66,2025-03-05T10:39:00
18.532556,74.002036,0.63,1308,0.86,Retail,6,0.72,3049,Morning,High,4,0.72,Residential,0.38,0.89,1624,0.76,2025-03-05T14:33:00
18.455619,73.857363,0.81,935,0.81,Restaurant,6,0.9,4529,Morning,High,5,0.64,Residential,0.31,0.83,1068,0.58,2025-03-05T13:00:00
18.53929,73.984257,0.69,1089,0.68,Convenience Store,2,0.84,1964,Morning,Low,2,0.68,Commercial,0.22,0.74,1590,0.55,2025-03-05T15:43:00
18.594597,74.007905,0.87,1309,0.71,Convenience Store,1,0.78,2826,Evening,Low,5,0.52,Mixed-use,0.58,0.68,1506,0.79,2025-03-05T11:57:00
18.647427,73.993068,0.85,1779,0.78,Retail,6,0.81,2043,Morning,Moderate,4,0.47,Tourist Spot,0.34,0.69,847,0.51,2025-03-05T14:23:00
18.645185,73.980534,0.62,1275,0.81,Restaurant,7,0.74,2546,Morning,Low,5,0.76,Residential,0.28,0.71,1621,0.67,2025-03-05T14:30:00
18.53058,73.837904,0.67,1388,0.76,Convenience Store,5,0.62,1055,Afternoon,High,2,0.81,Mixed-use,0.56,0.65,1255,0.7,2025-03-05T15:33:00
18.556921,73.924996,0.77,1531,0.81,Restaurant,5,0.73,1671,Afternoon,High,3,0.59,Tourist Spot,0.3,0.69,1650,0.55,2025-03-05T11:22:00
18.52429,73.833203,0.6,1326,0.65,Convenience Store,7,0.79,3667,Evening,Low,2,0.51,Commercial,0.32,0.77,1006,0.55,2025-03-05T12:08:00
18.487977,73.958412,0.93,1402,0.68,Restaurant,4,0.71,2137,Afternoon,High,3,0.56,Residential,0.36,0.73,1574,0.71,2025-03-05T11:29:00
18.518361,73.76138,0.71,1526,0.78,Retail,5,0.89,3198,Afternoon,High,3,0.57,Mixed-use,0.57,0.64,1654,0.62,2025-03-05T15:09:00
18.472749,73.874668,0.75,1384,0.68,Restaurant,6,0.94,3733,Evening,Moderate,5,0.51,Tourist Spot,0.45,0.77,1673,0.5,2025-03-05T10:05:00
18.64445,73.862069,0.83,1450,0.6,Convenience Store,3,0.81,4978,Afternoon,Moderate,4,0.68,Mixed-use,0.57,0.61,1358,0.71,2025-03-05T15:16:00
18.493762,73.913769,0.59,1514,0.74,Retail,2,0.87,4256,Morning,Moderate,2,0.82,Mixed-use,0.27,0.9,1491,0.79,2025-03-05T14:40:00
18.517697,73.960449,0.53,1759,0.68,Restaurant,1,0.64,4230,Afternoon,Low,3,0.59,Commercial,0.6,0.82,1639,0.57,2025-03-05T10:35:00
18.539084,74.048031,0.77,1550,0.82,Retail,3,0.91,4412,Evening,Low,3,0.82,Tourist Spot,0.38,0.68,1556,0.77,2025-03-05T14:59:00
18.476989,73.835289,0.58,1663,0.7,Retail,2,0.93,5190,Morning,Moderate,4,0.41,Tourist Spot,0.57,0.82,1579,0.64,2025-03-05T14:09:00
18.631966,73.881451,0.52,1306,0.76,Restaurant,7,0.63,3066,Evening,High,3,0.89,Residential,0.52,0.86,1215,0.77,2025-03-05T13:14:00
18.565025,73.768234,0.63,1762,0.69,Restaurant,6,0.68,5318,Evening,Low,2,0.46,Tourist Spot,0.21,0.78,1131,0.63,2025-03-05T10:10:00
18.451593,73.88986,0.75,1084,0.78,Restaurant,3,0.65,2537,Afternoon,Low,5,0.86,Residential,0.36,0.82,1491,0.59,2025-03-05T10:52:00
18.574672,73.920909,0.56,1684,0.8,Restaurant,7,0.82,1058,Morning,Moderate,4,0.65,Mixed-use,0.21,0.68,974,0.61,2025-03-05T11:12:00
18.640789,73.754276,0.65,1067,0.68,Restaurant,6,0.64,2789,Afternoon,High,5,0.48,Mixed-use,0.53,0.82,1537,0.7,2025-03-05T14:24:00
18.599873,73.942016,0.69,1081,0.82,Convenience Store,5,0.74,2711,Morning,Low,2,0.45,Mixed-use,0.3,0.73,1521,0.54,2025-03-05T12:52:00
18.556937,73.833708,0.62,1020,0.68,Convenience Store,2,0.9,1676,Morning,Low,5,0.62,Tourist Spot,0.52,0.7,1553,0.55,2025-03-05T11:07:00
18.637839,73.76262,0.69,1246,0.87,Restaurant,6,0.65,4422,Afternoon,Low,2,0.44,Commercial,0.46,0.82,1490,0.71,2025-03-05T11:05:00
18.451062,73.811108,0.53,1185,0.85,Convenience Store,7,0.9,3168,Evening,Low,2,0.59,Tourist Spot,0.56,0.66,1093,0.79,2025-03-05T10:58:00
18.646018,73.96623,0.7,1334,0.77,Restaurant,4,0.72,2579,Evening,Moderate,3,0.64,Commercial,0.39,0.89,848,0.68,2025-03-05T11:10:00
18.450351,73.811815,0.79,940,0.75,Retail,1,0.86,1891,Morning,Low,4,0.68,Commercial,0.24,0.84,1117,0.59,2025-03-05T14:41:00
18.499045,73.804141,0.67,1540,0.71,Retail,3,0.64,1578,Morning,Moderate,2,0.47,Tourist Spot,0.31,0.71,1649,0.66,2025-03-05T15:50:00
18.476886,73.756057,0.55,1202,0.65,Restaurant,3,0.71,2339,Afternoon,Moderate,4,0.55,Tourist Spot,0.29,0.79,1319,0.77,2025-03-05T15:41:00
18.45885,74.030826,0.75,1333,0.89,Convenience Store,6,0.9,3781,Afternoon,High,4,0.4,Commercial,0.44,0.72,815,0.73,2025-03-05T13:10:00
18.574349,73.995731,0.64,1525,0.62,Retail,1,0.63,2412,Morning,Moderate,3,0.57,Commercial,0.29,0.68,943,0.51,2025-03-05T14:12:00
18.516656,73.847749,0.81,1770,0.8,Convenience Store,6,0.82,3155,Morning,High,5,0.82,Tourist Spot,0.48,0.79,1612,0.76,2025-03-05T15:03:00
18.619895,74.0017,0.69,1521,0.84,Restaurant,7,0.71,3085,Morning,Moderate,2,0.63,Tourist Spot,0.41,0.72,996,0.61,2025-03-05T12:10:00
18.603272,73.848132,0.57,1206,0.7,Retail,5,0.79,5400,Morning,Moderate,2,0.51,Residential,0.39,0.74,1594,0.5,2025-03-05T11:10:00
18.462768,73.898432,0.78,1733,0.74,Retail,4,0.74,4030,Afternoon,Low,2,0.43,Tourist Spot,0.31,0.63,1206,0.51,2025-03-05T11:47:00
18.616328,73.852534,0.65,1005,0.87,Retail,4,0.8,4232,Evening,High,4,0.43,Tourist Spot,0.43,0.88,1545,0.62,2025-03-05T11:28:00
18.615647,73.971078,0.54,1534,0.69,Restaurant,4,0.87,4992,Evening,Moderate,5,0.55,Residential,0.27,0.84,1687,0.63,2025-03-05T11:49:00
18.596305,73.836064,0.91,1634,0.66,Retail,6,0.73,2707,Afternoon,High,5,0.52,Mixed-use,0.31,0.89,1584,0.66,2025-03-05T14:57:00
18.523923,74.001065,0.51,1158,0.76,Restaurant,1,0.76,5244,Afternoon,Moderate,5,0.84,Commercial,0.28,0.76,840,0.61,2025-03-05T15:19:00
18.603909,73.904896,0.84,1232,0.6,Retail,3,0.74,2987,Evening,Low,3,0.9,Mixed-use,0.29,0.8,898,0.54,2025-03-05T13:03:00
18.546453,73.777244,0.87,1083,0.86,Retail,5,0.9,2153,Afternoon,High,3,0.72,Commercial,0.35,0.73,1376,0.54,2025-03-05T14:11:00
18.451188,73.885056,0.5,1583,0.68,Retail,4,0.62,3054,Afternoon,Low,5,0.83,Tourist Spot,0.2,0.62,1369,0.55,2025-03-05T13:19:00
18.45064,73.980234,0.8,1406,0.8,Retail,1,0.72,2207,Afternoon,Low,5,0.46,Commercial,0.47,0.74,1279,0.52,2025-03-05T10:02:00
18.568061,73.886226,0.69,1208,0.62,Convenience Store,3,0.9,2802,Evening,Low,2,0.49,Residential,0.57,0.86,1300,0.8,2025-03-05T11:28:00
18.458144,73.903111,0.63,1282,0.88,Restaurant,7,0.66,2716,Afternoon,Moderate,3,0.62,Tourist Spot,0.41,0.8,1092,0.63,2025-03-05T10:10:00
18.519247,73.832884,0.66,1101,0.86,Convenience Store,4,0.8,3094,Afternoon,High,5,0.51,Mixed-use,0.28,0.67,1159,0.53,2025-03-05T14:19:00
18.644722,73.809659,0.53,1191,0.65,Retail,5,0.75,3881,Evening,Low,5,0.48,Mixed-use,0.25,0.63,1393,0.8,2025-03-05T14:41:00
18.600695,73.987165,0.58,1044,0.86,Convenience Store,4,0.92,3191,Evening,High,2,0.76,Commercial,0.3,0.61,1207,0.66,2025-03-05T11:06:00
18.541041,73.869536,0.83,1716,0.64,Restaurant,1,0.94,1296,Afternoon,High,3,0.43,Tourist Spot,0.24,0.84,965,0.56,2025-03-05T11:16:00
18.457609,73.864303,0.69,1474,0.86,Convenience Store,7,0.78,2537,Afternoon,Moderate,5,0.54,Residential,0.45,0.85,1265,0.58,2025-03-05T12:17:00
18.483291,73.80704,0.53,1317,0.67,Convenience Store,2,0.88,5285,Evening,High,2,0.82,Tourist Spot,0.38,0.83,1097,0.53,2025-03-05T14:54:00
18.562864,73.829376,0.84,1250,0.62,Retail,4,0.78,1638,Morning,High,4,0.54,Residential,0.58,0.7,1026,0.62,2025-03-05T15:32:00
18.513534,73.910362,0.85,1190,0.7,Convenience Store,4,0.92,2077,Morning,Moderate,2,0.53,Residential,0.47,0.72,1523,0.78,2025-03-05T11:11:00
18.501205,73.933648,0.83,1467,0.88,Retail,5,0.84,4413,Afternoon,Moderate,2,0.44,Mixed-use,0.26,0.72,1253,0.51,2025-03-05T14:12:00
18.579782,73.977604,0.88,1299,0.65,Restaurant,4,0.94,4409,Afternoon,Low,2,0.55,Tourist Spot,0.38,0.73,1646,0.76,2025-03-05T11:54:00
18.560972,73.768636,0.86,1190,0.69,Restaurant,6,0.65,3181,Evening,Moderate,5,0.57,Tourist Spot,0.26,0.79,1559,0.5,2025-03-05T15:49:00
18.570939,73.94481,0.69,1482,0.61,Restaurant,2,0.66,1784,Afternoon,Low,4,0.47,Residential,0.53,0.78,1430,0.57,2025-03-05T14:10:00
18.6104,73.855616,0.74,1788,0.88,Restaurant,6,0.76,2382,Afternoon,Moderate,5,0.74,Mixed-use,0.49,0.61,924,0.62,2025-03-05T12:28:00
18.554946,73.984961,0.58,1253,0.67,Restaurant,5,0.79,1044,Afternoon,Moderate,2,0.49,Commercial,0.38,0.64,1010,0.71,2025-03-05T12:23:00
18.569054,73.956378,0.5,1674,0.7,Restaurant,6,0.8,1115,Afternoon,Low,3,0.49,Commercial,0.38,0.74,1538,0.59,2025-03-05T15:54:00
18.462158,73.937192,0.83,1719,0.82,Restaurant,2,0.63,2589,Evening,Low,4,0.46,Residential,0.55,0.63,1286,0.67,2025-03-05T14:47:00
18.464771,73.977473,0.54,1724,0.8,Restaurant,5,0.64,5349,Morning,Moderate,3,0.73,Residential,0.26,0.61,1264,0.67,2025-03-05T12:11:00
18.614883,73.917595,0.56,1418,0.68,Convenience Store,1,0.89,1717,Afternoon,High,5,0.45,Tourist Spot,0.35,0.88,1477,0.58,2025-03-05T13:07:00
18.508753,73.873583,0.8,1625,0.74,Retail,3,0.69,4121,Evening,Moderate,3,0.56,Mixed-use,0.39,0.83,1523,0.54,2025-03-05T15:13:00
18.53871,73.936426,0.51,1458,0.67,Convenience Store,4,0.72,2107,Morning,Moderate,2,0.47,Tourist Spot,0.4,0.86,1147,0.8,2025-03-05T10:12:00
18.574225,73.76901,0.89,1592,0.74,Convenience Store,4,0.84,5205,Evening,High,3,0.5,Mixed-use,0.47,0.83,836,0.56,2025-03-05T11:57:00
18.529397,73.880868,0.64,1749,0.72,Retail,7,0.88,1446,Morning,High,4,0.7,Commercial,0.5,0.62,1594,0.53,2025-03-05T11:38:00
18.590818,74.043213,0.68,1388,0.77,Retail,7,0.87,1562,Morning,Low,3,0.83,Mixed-use,0.39,0.82,1336,0.59,2025-03-05T11:42:00
18.5438,73.811856,0.61,1139,0.77,Convenience Store,1,0.92,4690,Morning,High,5,0.61,Residential,0.22,0.71,828,0.69,2025-03-05T12:21:00
18.477422,73.865941,0.56,1624,0.78,Retail,7,0.77,2898,Evening,Moderate,2,0.77,Commercial,0.25,0.8,1218,0.63,2025-03-05T13:12:00
18.614703,73.855563,0.95,1467,0.69,Convenience Store,5,0.84,4686,Afternoon,High,5,0.56,Commercial,0.6,0.75,1029,0.55,2025-03-05T13:27:00
18.499643,73.900089,0.67,1416,0.68,Restaurant,6,0.9,2377,Evening,Moderate,3,0.84,Commercial,0.41,0.75,1441,0.56,2025-03-05T14:59:00
18.461083,73.786825,0.69,1682,0.89,Restaurant,7,0.69,4424,Morning,High,5,0.67,Residential,0.32,0.75,1119,0.57,2025-03-05T13:50:00
18.599971,74.042113,0.55,1639,0.69,Convenience Store,6,0.8,2035,Morning,High,4,0.84,Mixed-use,0.5,0.85,1224,0.7,2025-03-05T12:36:00
18.640887,73.951427,0.93,982,0.69,Restaurant,5,0.67,1404,Evening,Low,2,0.77,Tourist Spot,0.24,0.75,916,0.52,2025-03-05T13:09:00
18.45049,73.940126,0.67,1679,0.76,Convenience Store,3,0.92,1453,Morning,Low,5,0.82,Mixed-use,0.55,0.74,1410,0.77,2025-03-05T11:37:00
18.451075,74.033402,0.63,989,0.8,Convenience Store,4,0.78,4953,Afternoon,Low,3,0.44,Tourist Spot,0.25,0.81,1150,0.74,2025-03-05T10:44:00
18.478761,73.913077,0.76,962,0.86,Retail,4,0.92,5446,Afternoon,Low,5,0.67,Commercial,0.42,0.89,1201,0.56,2025-03-05T15:14:00
18.610463,73.773936,0.58,1538,0.71,Retail,7,0.63,4527,Morning,High,3,0.65,Residential,0.36,0.61,1005,0.54,2025-03-05T14:04:00
18.528898,74.007989,0.54,1257,0.65,Convenience Store,3,0.77,2464,Morning,Moderate,2,0.8,Commercial,0.24,0.86,960,0.64,2025-03-05T13:15:00
18.53653,73.939666,0.84,1002,0.72,Retail,3,0.74,5056,Afternoon,High,5,0.47,Commercial,0.49,0.6,1225,0.73,2025-03-05T12:19:00
18.567103,73.925642,0.51,1792,0.69,Convenience Store,4,0.84,2604,Afternoon,High,5,0.43,Tourist Spot,0.43,0.79,1122,0.76,2025-03-05T10:24:00
18.639498,74.020271,0.94,1467,0.66,Retail,5,0.77,4804,Afternoon,Low,5,0.68,Mixed-use,0.53,0.68,1398,0.75,2025-03-05T12:50:00
18.613518,73.764914,0.54,1787,0.86,Restaurant,6,0.74,2384,Morning,Moderate,5,0.44,Residential,0.45,0.66,872,0.79,2025-03-05T11:22:00
18.587932,73.87228,0.68,1701,0.8,Convenience Store,7,0.67,3429,Evening,Moderate,5,0.82,Tourist Spot,0.2,0.81,1107,0.73,2025-03-05T12:55:00
18.458971,73.782635,0.52,925,0.65,Restaurant,2,0.72,4361,Evening,Moderate,5,0.58,Mixed-use,0.23,0.73,861,0.51,2025-03-05T12:42:00
18.58061,73.791254,0.78,1545,0.83,Convenience Store,4,0.95,4330,Afternoon,Low,5,0.74,Residential,0.35,0.88,1506,0.77,2025-03-05T10:22:00
18.619463,73.769294,0.57,1366,0.82,Convenience Store,6,0.93,2775,Evening,High,5,0.64,Residential,0.31,0.68,979,0.76,2025-03-05T15:48:00
18.458972,73.802692,0.87,1096,0.64,Retail,4,0.67,5386,Afternoon,Moderate,4,0.57,Mixed-use,0.41,0.86,1351,0.72,2025-03-05T14:21:00
18.54662,73.767845,0.7,985,0.67,Restaurant,7,0.85,5183,Morning,Low,3,0.55,Residential,0.38,0.88,1281,0.76,2025-03-05T13:33:00
18.563434,74.018413,0.63,1052,0.74,Restaurant,5,0.67,1131,Evening,Moderate,2,0.43,Residential,0.6,0.88,843,0.58,2025-03-05T12:49:00
18.630049,73.874901,0.85,1485,0.61,Restaurant,4,0.72,4073,Afternoon,Low,4,0.55,Commercial,0.58,0.85,1174,0.54,2025-03-05T13:08:00
18.629149,73.8963,0.8,1014,0.87,Restaurant,4,0.88,2479,Morning,High,3,0.77,Commercial,0.47,0.77,845,0.68,2025-03-05T13:52:00
18.588993,73.938533,0.69,1281,0.85,Restaurant,7,0.81,5099,Afternoon,High,3,0.88,Residential,0.22,0.87,1403,0.72,2025-03-05T10:36:00
18.494864,73.992517,0.92,1013,0.87,Retail,3,0.9,1316,Evening,Moderate,3,0.77,Tourist Spot,0.21,0.82,856,0.52,2025-03-05T13:55:00
18.60597,73.974713,0.86,1107,0.79,Restaurant,2,0.86,1441,Evening,Moderate,3,0.7,Residential,0.33,0.75,808,0.63,2025-03-05T10:45:00
18.463065,74.037349,0.88,913,0.63,Convenience Store,6,0.94,4298,Afternoon,High,5,0.64,Commercial,0.54,0.62,1115,0.6,2025-03-05T12:24:00
18.552089,73.799072,0.83,1530,0.84,Restaurant,7,0.65,4522,Morning,Low,2,0.42,Residential,0.47,0.69,860,0.67,2025-03-05T14:49:00
18.51312,74.030775,0.75,1113,0.74,Convenience Store,5,0.82,2723,Morning,High,2,0.69,Residential,0.41,0.82,1556,0.51,2025-03-05T15:36:00
18.536283,74.02903,0.54,1601,0.81,Retail,6,0.73,5441,Evening,Low,2,0.85,Mixed-use,0.53,0.77,1685,0.55,2025-03-05T11:53:00
18.539253,73.927114,0.6,1231,0.86,Retail,6,0.8,3453,Morning,Low,2,0.64,Tourist Spot,0.48,0.82,1273,0.68,2025-03-05T15:22:00
18.605371,73.843145,0.59,1770,0.65,Retail,2,0.72,3493,Evening,Low,5,0.82,Commercial,0.42,0.81,1406,0.76,2025-03-05T10:24:00
18.621956,73.759941,0.67,1672,0.77,Restaurant,1,0.86,3134,Afternoon,Low,5,0.88,Residential,0.48,0.85,1478,0.79,2025-03-05T10:00:00
18.623649,73.81584,0.9,1541,0.81,Convenience Store,1,0.87,3173,Evening,Moderate,5,0.77,Residential,0.23,0.87,1168,0.54,2025-03-05T14:53:00
18.565035,73.761849,0.84,1577,0.87,Convenience Store,7,0.95,2513,Afternoon,Moderate,2,0.58,Residential,0.56,0.77,1587,0.78,2025-03-05T15:58:00
18.623349,73.963964,0.71,1704,0.66,Convenience Store,3,0.84,3811,Morning,High,5,0.83,Tourist Spot,0.4,0.7,1114,0.58,2025-03-05T13:50:00
18.473175,74.034136,0.72,1720,0.63,Convenience Store,4,0.7,5240,Morning,High,2,0.47,Residential,0.42,0.78,1195,0.58,2025-03-05T12:18:00
18.50855,73.756513,0.89,1404,0.89,Restaurant,7,0.72,4656,Evening,Moderate,3,0.69,Residential,0.44,0.78,1218,0.59,2025-03-05T11:53:00
18.551437,73.948819,0.57,1330,0.84,Restaurant,6,0.92,4190,Morning,Low,3,0.86,Commercial,0.47,0.83,1359,0.6,2025-03-05T14:36:00
18.541752,73.885798,0.9,1794,0.85,Retail,2,0.69,2023,Afternoon,Low,3,0.53,Mixed-use,0.48,0.71,1068,0.61,2025-03-05T14:14:00
18.573296,73.760024,0.61,1300,0.77,Convenience Store,6,0.8,3130,Afternoon,High,2,0.8,Mixed-use,0.33,0.69,1017,0.65,2025-03-05T14:05:00
18.648068,74.017216,0.93,1423,0.65,Convenience Store,5,0.95,2606,Evening,Low,5,0.7,Tourist Spot,0.27,0.72,1070,0.63,2025-03-05T10:41:00
18.519304,73.754178,0.6,1382,0.66,Retail,4,0.88,2931,Morning,High,4,0.6,Tourist Spot,0.23,0.65,1449,0.71,2025-03-05T11:19:00
18.606206,73.990276,0.59,1381,0.81,Restaurant,5,0.93,2165,Evening,Low,4,0.85,Residential,0.59,0.74,1417,0.55,2025-03-05T14:29:00
18.598342,73.928808,0.81,965,0.8,Retail,4,0.73,2034,Afternoon,Low,4,0.73,Tourist Spot,0.59,0.89,1258,0.55,2025-03-05T14:17:00
18.56006,74.048025,0.53,1193,0.6,Retail,2,0.91,1661,Morning,Low,3,0.67,Commercial,0.58,0.71,1339,0.78,2025-03-05T10:32:00
18.50372,73.760305,0.58,956,0.62,Retail,2,0.72,2541,Afternoon,Moderate,3,0.7,Residential,0.55,0.71,1103,0.52,2025-03-05T15:52:00
18.524698,73.753899,0.62,1097,0.65,Convenience Store,3,0.84,2260,Morning,Low,4,0.42,Residential,0.38,0.87,1060,0.77,2025-03-05T13:01:00
18.504964,73.7873,0.56,1614,0.65,Convenience Store,2,0.73,4452,Afternoon,High,2,0.58,Tourist Spot,0.26,0.9,1301,0.67,2025-03-05T10:14:00
18.593444,73.990357,0.75,1235,0.88,Retail,6,0.64,3684,Afternoon,High,4,0.77,Tourist Spot,0.22,0.66,1032,0.6,2025-03-05T15:52:00
18.512235,74.002945,0.5,1320,0.8,Restaurant,5,0.84,4717,Morning,Moderate,5,0.77,Commercial,0.4,0.64,1157,0.65,2025-03-05T14:11:00
18.619015,74.024841,0.72,1448,0.61,Restaurant,6,0.65,1664,Evening,Low,4,0.74,Tourist Spot,0.28,0.77,1084,0.59,2025-03-05T12:37:00
18.625278,73.819176,0.83,1404,0.86,Retail,2,0.68,3448,Morning,Moderate,4,0.61,Commercial,0.36,0.72,1441,0.7,2025-03-05T14:16:00
18.464664,73.844426,0.84,1467,0.75,Convenience Store,1,0.63,3736,Evening,High,3,0.72,Tourist Spot,0.3,0.77,1421,0.73,2025-03-05T14:38:00
18.641225,73.774409,0.85,1653,0.81,Restaurant,3,0.94,3277,Morning,High,3,0.78,Residential,0.35,0.63,1632,0.53,2025-03-05T13:10:00
18.457282,73.969392,0.67,1436,0.74,Retail,4,0.69,2750,Afternoon,Moderate,3,0.41,Commercial,0.34,0.82,1689,0.73,2025-03-05T11:21:00
18.626443,73.792141,0.51,1344,0.72,Convenience Store,7,0.74,5335,Morning,High,5,0.88,Tourist Spot,0.33,0.77,1492,0.7,2025-03-05T12:32:00
18.519735,74.046283,0.55,1609,0.66,Convenience Store,1,0.79,2665,Afternoon,Low,5,0.45,Residential,0.32,0.65,1255,0.72,2025-03-05T12:47:00
18.548407,73.807053,0.59,1083,0.68,Retail,7,0.67,2587,Evening,High,5,0.8,Tourist Spot,0.24,0.69,922,0.62,2025-03-05T13:52:00
18.615006,73.863351,0.76,1619,0.75,Retail,5,0.73,4861,Afternoon,Moderate,2,0.64,Commercial,0.32,0.8,1629,0.64,2025-03-05T15:24:00
18.594963,73.76018,0.83,1105,0.75,Restaurant,5,0.77,1084,Afternoon,Low,2,0.45,Mixed-use,0.39,0.66,1287,0.76,2025-03-05T15:49:00
18.622439,74.045651,0.82,1063,0.67,Restaurant,6,0.62,2241,Evening,Low,5,0.78,Tourist Spot,0.23,0.87,800,0.55,2025-03-05T13:16:00
18.507775,74.000295,0.94,1421,0.76,Restaurant,2,0.78,4205,Morning,Low,2,0.53,Residential,0.6,0.62,975,0.78,2025-03-05T15:01:00
18.489069,73.756026,0.63,1098,0.79,Restaurant,3,0.9,4567,Evening,Moderate,3,0.9,Mixed-use,0.5,0.86,938,0.68,2025-03-05T12:42:00
18.54148,73.979402,0.86,1055,0.85,Convenience Store,2,0.88,4895,Morning,High,2,0.66,Tourist Spot,0.54,0.66,1083,0.65,2025-03-05T15:23:00
18.628704,73.810221,0.6,1195,0.82,Convenience Store,7,0.93,1727,Evening,Low,3,0.46,Residential,0.22,0.75,967,0.51,2025-03-05T10:37:00
18.648841,73.824185,0.57,953,0.78,Convenience Store,5,0.83,3790,Afternoon,Moderate,2,0.59,Mixed-use,0.59,0.65,1642,0.75,2025-03-05T15:10:00
18.569039,73.752071,0.82,1595,0.61,Restaurant,1,0.62,2936,Morning,High,5,0.82,Residential,0.51,0.87,1050,0.51,2025-03-05T10:52:00
18.576459,73.933363,0.65,1646,0.77,Restaurant,5,0.62,2051,Evening,Moderate,2,0.77,Mixed-use,0.49,0.62,1097,0.65,2025-03-05T12:19:00
18.64857,74.013578,0.79,1260,0.8,Convenience Store,1,0.64,1367,Afternoon,High,3,0.74,Mixed-use,0.37,0.84,1243,0.64,2025-03-05T15:52:00
18.567997,73.976904,0.56,1270,0.84,Convenience Store,2,0.84,4232,Afternoon,Moderate,5,0.65,Tourist Spot,0.33,0.68,1567,0.57,2025-03-05T11:32:00
18.479515,73.768013,0.76,1612,0.69,Restaurant,4,0.79,3730,Afternoon,High,3,0.88,Residential,0.28,0.78,1126,0.5,2025-03-05T14:11:00
18.60173,73.842323,0.91,1192,0.85,Restaurant,4,0.77,2567,Afternoon,High,4,0.45,Commercial,0.42,0.81,1335,0.61,2025-03-05T12:08:00
18.543255,73.972228,0.57,1410,0.7,Restaurant,7,0.63,5199,Evening,High,4,0.4,Residential,0.35,0.7,1148,0.6,2025-03-05T10:22:00
18.488108,73.905306,0.66,1243,0.87,Restaurant,3,0.91,1097,Evening,Moderate,3,0.8,Tourist Spot,0.34,0.74,1197,0.66,2025-03-05T11:51:00
18.566188,73.971483,0.52,1485,0.75,Retail,3,0.74,2361,Morning,High,5,0.57,Mixed-use,0.24,0.89,1513,0.63,2025-03-05T13:47:00
18.522415,73.922091,0.57,1508,0.71,Convenience Store,1,0.75,1274,Evening,Moderate,2,0.47,Commercial,0.25,0.84,1023,0.59,2025-03-05T11:20:00
18.531633,73.767818,0.61,1076,0.89,Restaurant,2,0.85,2104,Evening,High,2,0.83,Commercial,0.36,0.82,1143,0.55,2025-03-05T11:31:00
18.491247,73.990014,0.68,1451,0.7,Restaurant,5,0.61,4695,Morning,Moderate,4,0.62,Residential,0.58,0.9,1198,0.65,2025-03-05T10:30:00
18.643173,73.855634,0.63,1060,0.78,Restaurant,1,0.64,1473,Morning,Low,3,0.52,Mixed-use,0.36,0.84,1588,0.6,2025-03-05T15:26:00
18.514096,73.877606,0.95,1747,0.65,Restaurant,2,0.61,1720,Morning,Low,5,0.51,Commercial,0.59,0.89,1300,0.65,2025-03-05T10:39:00
18.502998,73.947438,0.64,1413,0.83,Restaurant,1,0.67,5286,Morning,High,3,0.46,Mixed-use,0.55,0.83,1186,0.66,2025-03-05T12:46:00
18.453114,73.986768,0.71,1120,0.8,Convenience Store,1,0.62,3470,Evening,Moderate,5,0.54,Mixed-use,0.41,0.86,1026,0.65,2025-03-05T15:24:00
18.521776,74.003776,0.66,1454,0.71,Retail,2,0.86,2917,Evening,Low,3,0.55,Residential,0.59,0.82,1629,0.7,2025-03-05T12:01:00
18.462441,73.884439,0.65,1389,0.76,Convenience Store,6,0.92,2452,Afternoon,High,2,0.76,Commercial,0.58,0.8,883,0.62,2025-03-05T12:10:00
18.522236,73.900136,0.6,1321,0.62,Convenience Store,5,0.83,3483,Afternoon,Low,3,0.74,Tourist Spot,0.44,0.76,1047,0.71,2025-03-05T11:12:00
18.53385,74.008861,0.89,998,0.89,Restaurant,5,0.68,4913,Afternoon,High,3,0.56,Commercial,0.44,0.76,1287,0.69,2025-03-05T11:53:00
18.59857,73.772582,0.93,1048,0.73,Retail,5,0.82,2683,Evening,Moderate,3,0.65,Residential,0.56,0.67,1290,0.54,2025-03-05T11:18:00
18.613756,73.993241,0.68,907,0.67,Retail,1,0.76,5072,Afternoon,High,2,0.45,Tourist Spot,0.37,0.89,1058,0.52,2025-03-05T10:12:00
18.60804,73.756893,0.66,1402,0.77,Retail,6,0.86,3085,Afternoon,High,5,0.72,Mixed-use,0.57,0.61,1545,0.67,2025-03-05T10:49:00
18.595324,73.863645,0.52,1086,0.63,Restaurant,7,0.88,3922,Evening,High,2,0.88,Mixed-use,0.38,0.84,1244,0.76,2025-03-05T11:25:00
18.484382,73.96691,0.73,961,0.79,Convenience Store,4,0.9,2071,Morning,High,5,0.87,Residential,0.58,0.75,1471,0.6,2025-03-05T12:57:00
18.613624,73.886539,0.76,1131,0.84,Retail,1,0.86,2660,Evening,Moderate,3,0.77,Commercial,0.33,0.88,1660,0.67,2025-03-05T11:36:00
18.515462,73.795055,0.9,1260,0.72,Convenience Store,6,0.75,1528,Morning,High,4,0.57,Commercial,0.53,0.64,1548,0.62,2025-03-05T10:38:00
18.624939,73.755896,0.57,961,0.84,Retail,2,0.91,4153,Afternoon,Moderate,3,0.82,Commercial,0.37,0.81,1321,0.77,2025-03-05T12:25:00
18.56868,74.006484,0.62,1476,0.76,Retail,1,0.62,1933,Morning,Low,5,0.45,Mixed-use,0.3,0.7,1437,0.68,2025-03-05T12:17:00
18.647503,73.817312,0.6,1018,0.84,Convenience Store,5,0.78,1878,Evening,Low,2,0.4,Commercial,0.48,0.61,1088,0.8,2025-03-05T11:41:00
18.535456,73.867394,0.69,1091,0.87,Convenience Store,5,0.94,1769,Morning,Low,2,0.47,Residential,0.48,0.72,1547,0.52,2025-03-05T15:57:00
18.595682,73.862543,0.66,1731,0.88,Retail,7,0.61,2313,Afternoon,Moderate,3,0.84,Tourist Spot,0.4,0.85,1532,0.69,2025-03-05T13:18:00
18.57868,74.047985,0.52,1158,0.72,Restaurant,1,0.71,1968,Evening,High,4,0.62,Mixed-use,0.48,0.67,1557,0.59,2025-03-05T12:40:00
18.568782,73.824802,0.84,1736,0.66,Convenience Store,3,0.61,1385,Evening,Moderate,4,0.66,Tourist Spot,0.53,0.65,1237,0.52,2025-03-05T15:51:00
18.629209,73.986304,0.83,1358,0.73,Retail,2,0.82,5252,Evening,Low,3,0.52,Commercial,0.31,0.88,1065,0.61,2025-03-05T15:30:00
18.607299,73.786147,0.82,965,0.78,Restaurant,6,0.77,3360,Afternoon,Moderate,5,0.43,Residential,0.44,0.64,1608,0.66,2025-03-05T12:46:00
18.505244,73.871136,0.84,1182,0.69,Retail,6,0.94,4612,Morning,Low,5,0.55,Mixed-use,0.27,0.62,1218,0.52,2025-03-05T14:06:00
18.608945,73.972241,0.93,1481,0.66,Restaurant,7,0.9,2731,Evening,Low,2,0.52,Residential,0.48,0.64,985,0.77,2025-03-05T15:54:00
18.603208,73.763386,0.87,1359,0.72,Convenience Store,7,0.93,4342,Morning,Low,4,0.6,Commercial,0.59,0.82,1138,0.77,2025-03-05T11:47:00
18.586834,73.76284,0.69,1769,0.84,Retail,3,0.66,4369,Afternoon,Moderate,5,0.4,Commercial,0.51,0.78,1029,0.8,2025-03-05T11:58:00
18.562703,73.759084,0.73,1040,0.78,Retail,2,0.9,3212,Evening,High,4,0.54,Commercial,0.24,0.72,1413,0.65,2025-03-05T15:40:00
18.48943,73.764002,0.71,915,0.87,Restaurant,7,0.66,3645,Morning,Moderate,3,0.58,Tourist Spot,0.28,0.64,1364,0.58,2025-03-05T10:28:00
18.462195,73.781848,0.8,1148,0.76,Convenience Store,5,0.88,2264,Morning,Low,3,0.43,Commercial,0.27,0.62,1328,0.61,2025-03-05T10:39:00
18.603344,73.789108,0.79,916,0.78,Convenience Store,3,0.82,3154,Evening,Low,2,0.68,Mixed-use,0.55,0.81,944,0.78,2025-03-05T13:09:00
18.562693,73.764001,0.92,958,0.63,Restaurant,1,0.94,5327,Morning,Low,3,0.62,Mixed-use,0.48,0.82,1587,0.54,2025-03-05T14:48:00
18.571939,73.879778,0.66,1396,0.84,Retail,6,0.84,4956,Morning,High,5,0.58,Residential,0.52,0.75,1067,0.72,2025-03-05T14:25:00
18.609334,73.778815,0.76,1794,0.68,Convenience Store,7,0.84,4464,Morning,High,5,0.86,Residential,0.35,0.77,1652,0.56,2025-03-05T15:44:00
18.493029,73.766579,0.85,1079,0.74,Retail,2,0.81,1708,Evening,High,5,0.52,Tourist Spot,0.27,0.73,1472,0.62,2025-03-05T13:24:00
18.640488,73.865967,0.56,1474,0.74,Restaurant,4,0.83,4441,Morning,Low,4,0.7,Commercial,0.59,0.68,911,0.73,2025-03-05T13:10:00
18.617833,73.89219,0.81,1054,0.8,Convenience Store,6,0.69,2385,Afternoon,Low,3,0.86,Commercial,0.26,0.65,1064,0.62,2025-03-05T10:55:00
18.525714,73.820828,0.76,1129,0.73,Restaurant,1,0.84,2787,Afternoon,Low,5,0.82,Commercial,0.36,0.82,823,0.75,2025-03-05T10:57:00
18.584325,73.783003,0.61,1780,0.83,Retail,4,0.87,1665,Evening,Moderate,3,0.67,Mixed-use,0.28,0.67,940,0.76,2025-03-05T11:20:00
18.522742,73.774602,0.8,1237,0.78,Retail,1,0.78,2086,Evening,Low,2,0.85,Commercial,0.59,0.61,812,0.79,2025-03-05T13:37:00
18.478524,73.8118,0.63,1203,0.85,Restaurant,1,0.94,4594,Morning,High,2,0.65,Commercial,0.32,0.88,1071,0.56,2025-03-05T12:29:00
18.611191,73.883161,0.77,1360,0.76,Retail,1,0.91,4519,Morning,Low,3,0.45,Commercial,0.22,0.77,827,0.54,2025-03-05T11:27:00
18.550945,74.040592,0.86,1137,0.85,Retail,1,0.94,5393,Evening,Moderate,3,0.87,Commercial,0.4,0.85,1289,0.59,2025-03-05T13:40:00
18.611123,73.772568,0.55,1089,0.61,Retail,3,0.91,3561,Morning,Moderate,5,0.46,Commercial,0.48,0.76,1573,0.67,2025-03-05T15:44:00
18.583334,73.933133,0.73,1628,0.72,Convenience Store,5,0.8,1918,Morning,High,4,0.6,Tourist Spot,0.55,0.78,1327,0.72,2025-03-05T12:34:00
18.622206,73.858162,0.89,1361,0.72,Restaurant,5,0.62,2935,Morning,High,4,0.68,Tourist Spot,0.38,0.88,1054,0.58,2025-03-05T15:49:00
18.450582,73.915974,0.87,1424,0.85,Convenience Store,6,0.73,2256,Afternoon,Moderate,3,0.73,Tourist Spot,0.53,0.79,1130,0.69,2025-03-05T10:49:00
18.548685,73.784303,0.66,1341,0.89,Retail,7,0.75,1541,Evening,Moderate,5,0.6,Commercial,0.46,0.65,1190,0.79,2025-03-05T12:54:00
18.537607,73.877863,0.82,1129,0.82,Retail,2,0.89,4961,Morning,Moderate,2,0.56,Tourist Spot,0.32,0.64,1479,0.63,2025-03-05T12:40:00
18.637813,73.800565,0.66,1032,0.66,Retail,1,0.8,3118,Afternoon,High,2,0.52,Residential,0.28,0.72,847,0.64,2025-03-05T14:10:00
18.532644,73.8006,0.95,1600,0.64,Convenience Store,2,0.84,4457,Afternoon,Moderate,4,0.75,Tourist Spot,0.46,0.79,1025,0.59,2025-03-05T11:32:00
18.595732,74.004612,0.74,1713,0.72,Convenience Store,7,0.85,4512,Morning,Low,3,0.89,Commercial,0.47,0.86,1213,0.53,2025-03-05T10:34:00
18.586614,74.008692,0.85,1511,0.89,Restaurant,6,0.9,4128,Evening,Low,3,0.45,Residential,0.57,0.83,1220,0.66,2025-03-05T14:50:00
18.574982,73.839392,0.74,1500,0.88,Convenience Store,7,0.75,2507,Evening,Low,3,0.69,Tourist Spot,0.22,0.7,883,0.58,2025-03-05T15:51:00
18.61226,74.024464,0.69,1773,0.7,Restaurant,2,0.92,4821,Morning,Moderate,4,0.6,Tourist Spot,0.6,0.82,1030,0.76,2025-03-05T11:41:00
18.510385,73.851025,0.94,1223,0.63,Convenience Store,3,0.66,4870,Morning,Moderate,2,0.69,Tourist Spot,0.23,0.88,1556,0.52,2025-03-05T12:57:00
